Player,nationalities,n_nationalities
Abdullah Shelbayh,Jordan,1
Adam Pavlasek,Czech Republic,1
Ajla Tomljanovic,Australia,1
Ajla Tomljanović,Australia,1
Albert Ramos-Viñolas,Spain,1
Alejandro Tabilo,Chile,1
Aleksandar Kovacevic,United States,1
Alex Michelsen,United States,1
Alex Molcan,Slovakia,1
Alex de Minaur,Australia,1
Alexander Bublik,Kazakhstan,1
Alexander Ritschard,Switzerland,1
Alexander Shevchenko,Kazakhstan,1
Alexander Zverev,Germany,1
Alexandra Eala,Philippines,1
Alexandre Muller,France,1
Alexei Popyrin,Australia,1
Alexis Galarneau,Canada,1
Altug Celikbilek,Turkey,1
Alycia Parks,United States,1
Amanda Anisimova,United States,1
Anastasia Pavlyuchenkova,Russia,1
Andre Agassi,United States,1
Andrea Collarini,Argentina,1
Andrea Pellegrino,Italy,1
Andrea Vavassori,Italy,1
Andrey Rublev,Russia,1
Andy Murray,United Kingdom,1
Andy Roddick,United States,1
Ann Li,United States,1
Anna Blinkova,Russia,1
Anna Kalinskaya,Russia,1
Antoine Escoffier,France,1
Arthur Cazaux,France,1
Arthur Fils,France,1
Arthur Rinderknech,France,1
Aryna Sabalenka,Belarus,1
Ashlyn Krueger,United States,1
Barbora Krejcikova,Czech Republic,1
Beatriz Haddad Maia,Brazil,1
Belinda Bencic,Switzerland,1
Ben Shelton,United States,1
Benoit Paire,France,1
Bethanie Mattek-Sands,United States,1
Bianca Andreescu,Canada,1
Billie Jean King,United States,1
Bjorn Fratangelo,United States,1
Boris Becker,Germany,1
Borna Coric,Croatia,1
Brandon Nakashima,United States,1
Brenda Fruhvirtova,Czech Republic,1
Cameron Norrie,United Kingdom,1
Camila Osorio,Colombia,1
Carel Ngounoue,United States,1
Carlos Alcaraz,Spain,1
Carlos Costa,Spain,1
Caroline Garcia,France,1
Caroline Wozniacki,Denmark,1
Casper Ruud,Norway,1
Celine Naef,Switzerland,1
Cem Ilkel,Turkey,1
Chloe Paquet,France,1
Chris Eubanks,United States,1
Christopher O'Connell,Australia,1
Chun-Hsin Tseng,Taiwan,1
Claire Liu,United States,1
Clara Burel,France,1
Clement Chidekh,France,1
Clervie Ngounoue,United States,1
Coco Gauff,United States,1
Coleman Wong,Hong Kong,1
Constant Lestienne,France,1
Cooper Woestendick,United States,1
Corentin Moutet,France,1
Cristian Garin,Chile,1
Dalibor Svrcina,Czech Republic,1
Dalma Galfi,Hungary,1
Damir Dzumhur,Bosnia and Herzegovina,1
Daniel Rincon,Spain,1
Daniela Hantuchova,Slovakia,1
Danielle Collins,United States,1
Daniil Medvedev,Russia,1
Daria Kasatkina,Russia,1
Denis Kudla,United States,1
Denis Shapovalov,Canada,1
Denis Yevseyev,Kazakhstan,1
Diana Shnaider,Russia,1
Diane Parry,France,1
Dimitar Kuzmanov,Bulgaria,1
Dominik Koepfer,Germany,1
Donna Vekic,Croatia,1
Dusan Lajovic,Serbia,1
Ekaterina Alexandrova,Russia,1
Elena Rybakina,Kazakhstan,1
Eliakim Coulibaly,Cote d'Ivoire,1
Elias Ymer,Sweden,1
Elina Avanesyan,Armenia,1
Elina Svitolina,Ukraine,1
Elisabetta Cocciaretto,Italy,1
Elsa Jacquemot,France,1
Emil Ruusuvuori,Finland,1
Emiliana Arango,Colombia,1
Emilio Gomez,Ecuador,1
Emilio Nava,United States,1
Emma Navarro,United States,1
Emma Raducanu,United Kingdom,1
Enzo Couacaud,France,1
Erika Andreeva,Russia,1
Ethan Quinn,United States,1
Fabian Marozsan,Hungary,1
Fabio Fognini,Italy,1
Facundo Bagnis,Argentina,1
Felix Auger-Aliassime,Canada,1
Fernanda Contreras,Mexico,1
Filip Krajinovic,Serbia,1
Flavio Cobolli,Italy,1
Frances Tiafoe,United States,1
Francesco Maestrelli,Italy,1
Francisco Cerundolo,Argentina,1
Franco Agamenone,Italy,1
Gabriel Debru,France,1
Gabriel Diallo,Canada,1
Garbiñe Muguruza,Spain,1
Genie Bouchard,Canada,1
Gijs Brouwer,Netherlands,1
Giovanni Mpetshi Perricard,France,1
Giulio Zeppieri,Italy,1
Gregoire Barrere,France,1
Grigor Dimitrov,Bulgaria,1
Hailey Baptiste,United States,1
Hamad Medjedovic,Serbia,1
Harold Mayot,France,1
Harriet Dart,United Kingdom,1
Harry Wendelken,United Kingdom,1
Heather Watson,United Kingdom,1
Holger Rune,Denmark,1
Hubert Hurkacz,Poland,1
Hugo Dellien,Bolivia,1
Hugo Gaston,France,1
Hugo Grenier,France,1
Iga Swiatek,Poland,1
Illya Marchenko,Ukraine,1
Ilya Ivashka,Belarus,1
Irina-Camelia Begu,Romania,1
Iva Jovic,United States,1
J.J. Wolf,United States,1
JUAN PABLO Varillas,Peru,1
Jack Draper,United Kingdom,1
Jack Sock,United States,1
Jagger Leach,United States,1
Jaime Faria,Portugal,1
Jake Fearnley,United Kingdom,1
Jakub Mensik,Czech Republic,1
Jamie Murray,United Kingdom,1
Jan-Lennard Struff,Germany,1
Jaqueline Cristian,Romania,1
Jasmine Paolini,Italy,1
Jelena Ostapenko,Latvia,1
Jennifer Brady,United States,1
Jesper de Jong,Netherlands,1
Jessica Pegula,United States,1
Jil Teichmann,Switzerland,1
John McEnroe,United States,1
Jordan Thompson,Australia,1
Juan Manuel Cerundolo,Argentina,1
Juan Pablo Ficovich,Argentina,1
Julia Riera,Argentina,1
Juncheng Shang,China,1
Kamilla Rakhimova,Russia,1
Karen Khachanov,Russia,1
Karolina Muchova,Czech Republic,1
Katerina Siniakova,Czech Republic,1
Katie Volynets,United States,1
Katrina Scott,United States,1
Kayla Day,United States,1
Kaylan Bigun,United States,1
Kei Nishikori,Japan,1
Kilian Feldbausch,Switzerland,1
Kimberley Zimmermann,Belgium,1
Kirsten Flipkens,Belgium,1
Laslo Djere,Serbia,1
Lauren Davis,United States,1
Laurent Lokoli,France,1
Leandro Riedi,Switzerland,1
Learner Tien,United States,1
Leolia Jeanjean,France,1
Lesia Tsurenko,Ukraine,1
Leylah Fernandez,Canada,1
Lin Zhu,China,1
Linda Fruhvirtova,Czech Republic,1
Linda Noskova,Czech Republic,1
Liudmila Samsonova,Russia,1
Liv Hovde,United States,1
Lloyd Harris,South Africa,1
Lorenzo Giustino,Italy,1
Lorenzo Musetti,Italy,1
Lorenzo Sonego,Italy,1
Louisa Chirico,United States,1
Luca Udvardy,Hungary,1
Luca Van Assche,France,1
Luciano Darderi,Italy,1
Lukas Neumayer,Austria,1
Mackenzie McDonald,United States,1
Madison Keys,United States,1
Magda Linette,Poland,1
Magdalena Frech,Poland,1
Maja Chwalinska,Poland,1
Marc Polmans,Australia,1
Marc-Andrea Huesler,Switzerland,1
Marco Trungelliti,Argentina,1
Marcos Giron,United States,1
Maria Sakkari,Greece,1
Maria Sharapova,Russia,1
Mariano Navone,Argentina,1
Marie Benoit,Belgium,1
Marin Cilic,Croatia,1
Marina Stakusic,Canada,1
Marketa Vondrousova,Czech Republic,1
Marta Kostyuk,Ukraine,1
Martin Damm Jr.,United States,1
Martin Landaluce,Spain,1
Martina Hingis,Switzerland,1
Martina Navratilova,United States,1
Martina Trevisan,Italy,1
Marton Fucsovics,Hungary,1
Matteo Arnaldi,Italy,1
Matteo Gigante,Italy,1
Max Purcell,Australia,1
Maxime Janvier,France,1
Maximilian Marterer,Germany,1
Maya Joint,Australia,1
Mayar Sherif,Egypt,1
Michael Mmoh,United States,1
Mikhail Kukushkin,Kazakhstan,1
Miomir Kecmanovic,Serbia,1
Mirjam Bjorklund,Sweden,1
Mirra Andreeva,Russia,1
Mitchell Krueger,United States,1
Monica Puig,Puerto Rico,1
Nadia Podoroska,Argentina,1
Naomi Osaka,Japan,1
Nastasja Schunk,Germany,1
Nerman Fatic,Bosnia and Herzegovina,1
Nick Kyrgios,Australia,1
Nicolas Mejia,Colombia,1
Nicolas Moreno de Alboran,United States,1
Novak Djokovic,Serbia,1
Nuno Borges,Portugal,1
Olivia Gadecki,Australia,1
Omar Jasika,Australia,1
Ons Jabeur,Tunisia,1
Otto Virtanen,Finland,1
Pablo Carreno Busta,Spain,1
Panna Udvardy,Hungary,1
Patrick Kypson,United States,1
Paula Badosa,Spain,1
Pedro Martinez,Spain,1
Petra Kvitova,Czech Republic,1
Peyton Stearns,United States,1
Priska Nugroho,Indonesia,1
Qinwen Zheng,China,1
Quentin Halys,France,1
Radu Albot,Moldova,1
Rafael Nadal,Spain,1
Raphael Collignon,Belgium,1
Rebecca Peterson,Sweden,1
Renzo Olivo,Argentina,1
Roberto Bautista Agut,Spain,1
Robin Montgomery,United States,1
Roman Andres Burruchaga,Argentina,1
Roman Safiullin,Russia,1
Ryan Harrison,United States,1
Saisai Zheng,China,1
Sara Sorribes Tormo,Spain,1
Sebastian Baez,Argentina,1
Sebastian Korda,United States,1
Sebastian Ofner,Austria,1
Sergi Bruguera,Spain,1
Shelby Rogers,United States,1
Shintaro Mochizuki,Japan,1
Sloane Stephens,United States,1
Sofia Kenin,United States,1
Stefan Edberg,Sweden,1
Stefano Napolitano,Italy,1
Stefanos Tsitsipas,Greece,1
Steffi Graf,Germany,1
Steve Johnson,United States,1
Sumit Nagal,India,1
Tallon Griekspoor,Netherlands,1
Tamara Zidansek,Slovenia,1
Tara Wuerth,Croatia,1
Taro Daniel,Japan,1
Tatjana Maria,Germany,1
Taylah Preston,Australia,1
Taylor Fritz,United States,1
Taylor Townsend,United States,1
Tennys Sandgren,United States,1
Terence Atmane,France,1
Thanasi Kokkinakis,Australia,1
Thiago Agustin Tirante,Argentina,1
Thiago Monteiro,Brazil,1
Timofey Skatov,Kazakhstan,1
Titouan Droguet,France,1
Toby Kodat,United States,1
Tomas Machac,Czech Republic,1
Tomas Martin Etcheverry,Argentina,1
Tommy Paul,United States,1
Tristan Boyer,United States,1
Tristan Lamasine,France,1
Ugo Humbert,France,1
Ulises Blanch,United States,1
Valentin Vacherot,Monaco,1
Varvara Gracheva,France,1
Veronika Kudermetova,Russia,1
Victoria Azarenka,Belarus,1
Victoria Jimenez Kasintseva,Andorra,1
Victoria Mboko,Canada,1
Viktorija Golubic,Switzerland,1
Vit Kopriva,Czech Republic,1
Whitney Osuigwe,United States,1
Xinyu Wang,China,1
Xinyun Han,China,1
Xiyu Wang,China,1
Yannick Hanfmann,Germany,1
Yibing Wu,China,1
Yoshihito Nishioka,Japan,1
Yue Yuan,China,1
Yulia Putintseva,Kazakhstan,1
Yunchaokete Bu,China,1
Zach Svajda,United States,1
Zachary Svajda,United States,1
Zizou Bergs,Belgium,1
